accel_x (m/s^2),accel_y (m/s^2),accel_z (m/s^2)
4.016999999999999738e-02,7.686400000000000177e-02,-9.812500000000000000e+00
3.925800000000000123e-02,7.266599999999999449e-02,-9.797622999999999749e+00
3.506499999999999895e-02,8.854800000000000171e-02,-9.794263000000000829e+00
2.083199999999999982e-02,8.795400000000000440e-02,-9.810546999999999684e+00
3.046499999999999903e-02,9.749800000000000133e-02,-9.816902999999999935e+00
4.733899999999999914e-02,9.894300000000000317e-02,-9.814838999999999203e+00
4.526899999999999674e-02,8.952999999999999847e-02,-9.823911000000000726e+00
4.504699999999999677e-02,8.549500000000000155e-02,-9.832129000000000119e+00
4.224800000000000083e-02,9.120200000000000529e-02,-9.799580999999999875e+00
4.128899999999999931e-02,9.339799999999999491e-02,-9.807985000000000397e+00
3.048800000000000121e-02,1.007839999999999986e-01,-9.815625999999999962e+00
4.287200000000000039e-02,8.436799999999999855e-02,-9.807643000000000555e+00
4.546700000000000047e-02,8.676999999999999991e-02,-9.817088000000000036e+00
3.776999999999999802e-02,8.185099999999999321e-02,-9.810864999999999725e+00
4.052100000000000146e-02,8.513999999999999346e-02,-9.810904999999999987e+00
4.320299999999999835e-02,8.807299999999999851e-02,-9.810568999999999207e+00
4.407799999999999913e-02,9.634700000000000208e-02,-9.816257000000000232e+00
3.854500000000000287e-02,9.914900000000000102e-02,-9.823676999999999992e+00
4.055199999999999777e-02,8.461299999999999377e-02,-9.818500999999999479e+00
3.619700000000000001e-02,8.362400000000000388e-02,-9.809913999999999135e+00
4.125299999999999800e-02,9.085600000000000620e-02,-9.789737999999999829e+00
4.287599999999999745e-02,8.712699999999999612e-02,-9.807204000000000477e+00
2.574200000000000099e-02,9.063300000000000523e-02,-9.810460000000000846e+00
2.871699999999999947e-02,9.455500000000000016e-02,-9.826351999999999975e+00
3.700500000000000317e-02,9.381299999999999362e-02,-9.836964999999999293e+00
3.890300000000000008e-02,8.902999999999999803e-02,-9.825678999999999164e+00
3.942299999999999971e-02,9.337600000000000067e-02,-9.820282000000000622e+00
4.711499999999999716e-02,8.311200000000000532e-02,-9.813852000000000686e+00
3.743500000000000300e-02,8.320299999999999918e-02,-9.796381999999999479e+00
3.409700000000000231e-02,1.081519999999999981e-01,-9.810978000000000421e+00
4.203899999999999998e-02,9.891700000000000492e-02,-9.805355999999999739e+00
3.907000000000000056e-02,1.057639999999999969e-01,-9.818566999999999823e+00
3.366500000000000048e-02,1.032079999999999942e-01,-9.815571000000000268e+00
3.089400000000000132e-02,9.380199999999999649e-02,-9.823389000000000593e+00
4.317499999999999810e-02,9.711599999999999400e-02,-9.825253999999999266e+00
6.039200000000000124e-02,9.120200000000000529e-02,-9.817285999999999291e+00
5.328000000000000097e-02,1.066949999999999982e-01,-9.802583999999999520e+00
4.563799999999999801e-02,8.506600000000000272e-02,-9.808160000000000878e+00
2.735200000000000131e-02,9.734399999999999997e-02,-9.794919000000000153e+00
3.316800000000000304e-02,1.000820000000000043e-01,-9.821011000000000379e+00
4.273899999999999921e-02,9.184900000000000009e-02,-9.809552999999999301e+00
3.529100000000000292e-02,8.870100000000000207e-02,-9.821968999999999284e+00
3.798599999999999893e-02,1.022340000000000054e-01,-9.821650999999999243e+00
4.721199999999999702e-02,9.110500000000000542e-02,-9.806298999999999211e+00
4.337699999999999889e-02,8.106499999999999817e-02,-9.814149999999999707e+00
3.895900000000000057e-02,9.161099999999999799e-02,-9.806850999999999985e+00
4.330200000000000021e-02,9.401700000000000335e-02,-9.804278999999999300e+00
3.414999999999999980e-02,9.082899999999999308e-02,-9.806084999999999496e+00
3.175700000000000051e-02,9.489300000000000512e-02,-9.813128000000000739e+00
3.210699999999999665e-02,8.504599999999999660e-02,-9.811882999999999910e+00
3.969899999999999818e-02,9.372600000000000375e-02,-9.814944000000000557e+00
5.424699999999999661e-02,7.567599999999999327e-02,-9.803584000000000742e+00
4.171400000000000108e-02,8.620600000000000485e-02,-9.802716999999999459e+00
3.661999999999999977e-02,8.479399999999999438e-02,-9.799352999999999980e+00
3.728299999999999670e-02,1.018820000000000003e-01,-9.813973000000000724e+00
3.898800000000000182e-02,9.503599999999999548e-02,-9.824747000000000341e+00
4.071400000000000019e-02,7.475700000000000400e-02,-9.821082000000000534e+00
5.189900000000000069e-02,8.169300000000000173e-02,-9.824579999999999202e+00
5.396299999999999708e-02,7.659599999999999742e-02,-9.832727999999999469e+00
5.228200000000000208e-02,7.259400000000000575e-02,-9.808906999999999599e+00
4.141999999999999849e-02,8.741200000000000359e-02,-9.815806000000000253e+00
4.416599999999999693e-02,9.719200000000000061e-02,-9.808362999999999943e+00
3.816399999999999654e-02,8.676000000000000378e-02,-9.805395000000000749e+00
3.506999999999999701e-02,7.978999999999999981e-02,-9.800264000000000308e+00
3.303600000000000286e-02,8.448799999999999366e-02,-9.808149999999999480e+00
4.271400000000000197e-02,9.137000000000000677e-02,-9.813491000000000852e+00
4.226499999999999702e-02,9.929999999999999938e-02,-9.823802000000000589e+00
4.469700000000000062e-02,8.952000000000000235e-02,-9.806976000000000582e+00
4.663099999999999884e-02,8.664900000000000380e-02,-9.796201999999999188e+00
4.656899999999999928e-02,8.149700000000000000e-02,-9.800833000000000794e+00
3.006500000000000145e-02,9.193199999999999983e-02,-9.807717000000000240e+00
2.533799999999999941e-02,8.558899999999999841e-02,-9.817330999999999364e+00
2.961700000000000096e-02,7.927099999999999425e-02,-9.814973000000000170e+00
3.077900000000000080e-02,8.459200000000000053e-02,-9.808405000000000484e+00
4.670500000000000346e-02,9.871599999999999819e-02,-9.809291999999999234e+00
4.233100000000000057e-02,8.608499999999999486e-02,-9.819240999999999886e+00
5.350400000000000295e-02,9.026299999999999601e-02,-9.837533000000000527e+00
3.845099999999999907e-02,9.453899999999999804e-02,-9.829112000000000293e+00
3.730499999999999788e-02,8.294700000000000684e-02,-9.823152000000000328e+00
2.911199999999999899e-02,9.168999999999999373e-02,-9.808776999999999191e+00
3.020400000000000168e-02,9.198699999999999932e-02,-9.793399000000000854e+00
2.738799999999999915e-02,9.193400000000000183e-02,-9.804776999999999632e+00
2.432300000000000087e-02,9.366399999999999726e-02,-9.823460000000000747e+00
3.368399999999999866e-02,7.999199999999999366e-02,-9.811852999999999270e+00
3.926400000000000029e-02,8.438900000000000567e-02,-9.820512000000000796e+00
3.985099999999999754e-02,8.544599999999999418e-02,-9.795239999999999725e+00
4.383700000000000097e-02,7.856000000000000483e-02,-9.802716999999999459e+00
4.854499999999999788e-02,7.831799999999999873e-02,-9.793418000000000845e+00
3.536899999999999766e-02,8.296900000000000108e-02,-9.803729000000000582e+00
2.646700000000000094e-02,7.729600000000000359e-02,-9.800841000000000136e+00
2.393299999999999941e-02,8.394300000000000372e-02,-9.796094000000000079e+00
4.138499999999999818e-02,8.024799999999999989e-02,-9.800119000000000469e+00
5.259599999999999692e-02,8.120199999999999640e-02,-9.787933999999999912e+00
5.285800000000000221e-02,8.976900000000000157e-02,-9.804747000000000767e+00
5.025099999999999706e-02,8.936099999999999599e-02,-9.807461999999999236e+00
4.116600000000000120e-02,9.162800000000000111e-02,-9.796124000000000720e+00
2.850199999999999956e-02,7.826199999999999823e-02,-9.808132999999999768e+00
2.686799999999999952e-02,9.779799999999999605e-02,-9.808920000000000528e+00
2.859000000000000083e-02,7.401399999999999646e-02,-9.818516999999999939e+00
3.067100000000000035e-02,8.755699999999999594e-02,-9.822844999999999160e+00
3.699700000000000211e-02,9.610299999999999399e-02,-9.822167000000000314e+00
5.245099999999999763e-02,9.001000000000000667e-02,-9.813931000000000182e+00
5.022200000000000275e-02,9.527800000000000158e-02,-9.812205000000000510e+00
4.951400000000000245e-02,9.051099999999999424e-02,-9.813886000000000109e+00
5.438699999999999785e-02,7.899699999999999778e-02,-9.817764999999999631e+00
3.490000000000000047e-02,8.242800000000000127e-02,-9.825101999999999336e+00
3.629299999999999887e-02,9.141299999999999426e-02,-9.801463999999999288e+00
3.690000000000000224e-02,8.387300000000000311e-02,-9.813893000000000200e+00
3.713500000000000134e-02,9.503999999999999948e-02,-9.797447000000000017e+00
5.208700000000000135e-02,7.614700000000000635e-02,-9.813921000000000561e+00
5.242399999999999838e-02,7.024199999999999888e-02,-9.804083000000000325e+00
4.345600000000000157e-02,8.955200000000000660e-02,-9.818732999999999933e+00
3.197099999999999942e-02,8.241300000000000014e-02,-9.821768000000000498e+00
3.211399999999999672e-02,9.598700000000000288e-02,-9.810444999999999638e+00
3.877300000000000191e-02,9.112900000000000167e-02,-9.827085000000000292e+00
3.133400000000000074e-02,8.742199999999999971e-02,-9.823145999999999489e+00
3.734099999999999919e-02,9.894699999999999329e-02,-9.816876000000000602e+00
4.373099999999999904e-02,8.113199999999999579e-02,-9.809521000000000157e+00
4.363399999999999918e-02,9.016200000000000603e-02,-9.814666000000000778e+00
4.863900000000000168e-02,9.808400000000000452e-02,-9.811032000000000863e+00
4.167599999999999777e-02,8.303599999999999870e-02,-9.816838000000000619e+00
3.842799999999999688e-02,7.400400000000000034e-02,-9.826280999999999821e+00
3.499800000000000133e-02,8.228299999999999503e-02,-9.815561000000000647e+00
3.985699999999999660e-02,8.646500000000000019e-02,-9.814640999999999948e+00
3.576200000000000212e-02,9.703100000000000613e-02,-9.806074000000000623e+00
4.206100000000000116e-02,8.852300000000000446e-02,-9.805450999999999695e+00
4.856400000000000300e-02,8.572499999999999565e-02,-9.809067999999999898e+00
5.682399999999999951e-02,8.755899999999999794e-02,-9.810577999999999577e+00
4.760000000000000342e-02,9.358400000000000052e-02,-9.819060000000000343e+00
5.257900000000000074e-02,8.548999999999999655e-02,-9.820394999999999541e+00
3.059600000000000167e-02,8.349600000000000077e-02,-9.811685999999999908e+00
2.391700000000000076e-02,7.720699999999999785e-02,-9.811026000000000025e+00
3.855700000000000099e-02,8.348099999999999965e-02,-9.817501000000000033e+00
3.327000000000000096e-02,9.476600000000000301e-02,-9.801726000000000383e+00
2.827400000000000052e-02,1.079669999999999935e-01,-9.806195999999999913e+00
3.002300000000000108e-02,1.088390000000000052e-01,-9.813860000000000028e+00
4.227000000000000202e-02,9.814000000000000501e-02,-9.793649000000000271e+00
4.454600000000000226e-02,8.266199999999999937e-02,-9.818415999999999144e+00
3.798699999999999993e-02,7.406999999999999695e-02,-9.823216999999999643e+00
4.940400000000000347e-02,8.291199999999999959e-02,-9.814754999999999896e+00
4.069600000000000301e-02,9.902600000000000291e-02,-9.809234999999999260e+00
3.397000000000000020e-02,9.491099999999999537e-02,-9.802103000000000677e+00
4.018000000000000044e-02,9.873600000000000432e-02,-9.813506999999999536e+00
4.035600000000000298e-02,8.398300000000000209e-02,-9.816052000000000888e+00
4.693300000000000249e-02,7.668600000000000416e-02,-9.796355999999999398e+00
4.768599999999999922e-02,9.272099999999999786e-02,-9.796991000000000227e+00
4.071799999999999725e-02,9.347700000000000453e-02,-9.807722000000000051e+00
4.286899999999999739e-02,8.806100000000000039e-02,-9.808662999999999244e+00
3.774600000000000177e-02,1.069019999999999970e-01,-9.823588000000000875e+00
3.933600000000000291e-02,9.277900000000000036e-02,-9.818896999999999764e+00
3.636699999999999655e-02,8.964500000000000246e-02,-9.795522999999999314e+00
3.933400000000000091e-02,7.748399999999999732e-02,-9.813506999999999536e+00
3.730900000000000188e-02,7.253700000000000425e-02,-9.814939000000000746e+00
4.646999999999999742e-02,8.178699999999999859e-02,-9.812314999999999898e+00
4.946099999999999802e-02,8.118799999999999628e-02,-9.828172999999999604e+00
3.879699999999999815e-02,7.642200000000000382e-02,-9.826102999999999810e+00
4.979000000000000092e-02,7.861300000000000232e-02,-9.822285000000000821e+00
4.474399999999999905e-02,9.725799999999999723e-02,-9.811090000000000089e+00
3.897099999999999870e-02,1.032399999999999984e-01,-9.815476999999999563e+00
3.480799999999999866e-02,9.766299999999999981e-02,-9.810143000000000058e+00
4.190200000000000174e-02,9.122700000000000253e-02,-9.804769999999999541e+00
4.761599999999999860e-02,7.402100000000000346e-02,-9.802490999999999843e+00
4.059499999999999914e-02,8.325699999999999767e-02,-9.828093000000000856e+00
2.637799999999999867e-02,1.243200000000000000e-01,-9.819219999999999615e+00
2.306599999999999970e-02,1.422299999999999953e-01,-9.835509000000000057e+00
3.858400000000000024e-02,8.316199999999999981e-02,-9.839230999999999838e+00
4.519999999999999712e-02,5.974600000000000050e-02,-9.872106999999999744e+00
4.919500000000000262e-02,9.378899999999999737e-02,-9.809191000000000216e+00
5.581300000000000150e-02,8.509700000000000597e-02,-9.821412999999999727e+00
5.398000000000000020e-02,7.358299999999999563e-02,-9.815412999999999499e+00
6.637999999999999456e-02,7.025099999999999401e-02,-9.804225000000000634e+00
5.762400000000000161e-02,6.906299999999999939e-02,-9.822896000000000072e+00
4.911800000000000194e-02,7.283599999999999797e-02,-9.815485999999999933e+00
4.768599999999999922e-02,6.908400000000000651e-02,-9.803428000000000253e+00
5.738399999999999751e-02,3.976099999999999773e-02,-9.814880999999999744e+00
5.579499999999999738e-02,3.706999999999999879e-02,-9.806241999999999237e+00
4.631199999999999900e-02,6.293700000000000683e-02,-9.796233000000000857e+00
6.637200000000000044e-02,4.429500000000000104e-02,-9.815115000000000478e+00
9.579200000000000215e-02,-2.949999999999999931e-03,-9.814258000000000592e+00
1.574059999999999904e-01,-7.486500000000000099e-02,-9.810517000000000820e+00
1.701739999999999919e-01,-6.295099999999999307e-02,-9.813347000000000264e+00
2.131510000000000071e-01,-1.239210000000000034e-01,-9.807935000000000514e+00
2.413790000000000102e-01,-1.883859999999999979e-01,-9.807688000000000628e+00
1.739950000000000108e-01,-1.229200000000000015e-01,-9.808025000000000659e+00
1.231119999999999992e-01,1.227600000000000045e-02,-9.825400000000000134e+00
8.469599999999999351e-02,3.769000000000000128e-02,-9.818554999999999922e+00
6.910499999999999976e-02,7.069999999999999896e-02,-9.821522999999999115e+00
-1.864299999999999985e-02,1.488089999999999968e-01,-9.826928000000000551e+00
-3.459600000000000175e-02,5.753599999999999687e-02,-9.805341000000000307e+00
4.726899999999999852e-02,8.297100000000000308e-02,-9.832110000000000127e+00
1.243979999999999947e-01,7.361199999999999688e-02,-9.820456999999999326e+00
1.007900000000000046e-01,2.598299999999999915e-02,-9.840116000000000085e+00
9.561999999999999320e-03,4.729699999999999876e-02,-9.824559000000000708e+00
-6.720700000000000285e-02,1.071310000000000040e-01,-9.788608999999999227e+00
1.322100000000000011e-02,5.676199999999999996e-02,-9.806775000000000020e+00
1.247100000000000014e-01,-2.700000000000000035e-04,-9.820677999999999130e+00
7.374500000000000499e-02,3.498500000000000221e-02,-9.810909000000000546e+00
8.216299999999999992e-02,7.498799999999999910e-02,-9.822889999999999233e+00
4.724500000000000227e-02,-1.043499999999999983e-02,-9.800862999999999658e+00
1.226479999999999931e-01,5.286199999999999927e-02,-9.765513999999999584e+00
3.680900000000000144e-02,2.564890000000000225e-01,-9.786393000000000342e+00
-1.355359999999999898e-01,2.913089999999999846e-01,-9.804069999999999396e+00
9.133000000000000493e-03,1.212680000000000008e-01,-9.797734999999999417e+00
2.601399999999999893e-02,7.917699999999999738e-02,-9.807137000000000882e+00
4.072699999999999931e-02,8.559799999999999354e-02,-9.814678000000000679e+00
-2.557500000000000051e-02,3.990699999999999803e-02,-9.764373000000000857e+00
1.499850000000000072e-01,-6.475999999999999812e-02,-9.822903000000000162e+00
2.034759999999999902e-01,-7.556799999999999629e-02,-9.829494000000000398e+00
2.224780000000000091e-01,-1.147539999999999949e-01,-9.822037999999999158e+00
1.623159999999999881e-01,-3.796499999999999875e-02,-9.806551000000000684e+00
1.718369999999999898e-01,-3.168100000000000083e-02,-9.715837999999999752e+00
1.810019999999999962e-01,-1.690879999999999883e-01,-9.716977999999999227e+00
1.491959999999999953e-01,-1.880960000000000132e-01,-9.856856000000000506e+00
2.287690000000000001e-01,-8.688800000000000689e-02,-9.813845000000000596e+00
2.524089999999999945e-01,-4.248899999999999899e-02,-9.820517999999999859e+00
1.920949999999999880e-01,7.164700000000000235e-02,-9.730705000000000382e+00
3.233790000000000275e-01,2.399830000000000019e-01,-9.484704999999999941e+00
6.449399999999999578e-02,1.110600000000000059e-01,-9.754956999999999212e+00
-2.576900000000000024e-02,1.298900000000000055e-01,-9.864886000000000266e+00
-3.738000000000000003e-03,6.775399999999999479e-02,-9.766054000000000457e+00
6.429500000000000492e-02,-9.225800000000000667e-02,-9.797045999999999921e+00
1.644299999999999928e-02,-8.004899999999999516e-02,-9.766712999999999312e+00
-1.843399999999999900e-02,-1.637800000000000020e-02,-9.569717999999999947e+00
1.508869999999999933e-01,5.165000000000000147e-02,-9.689030999999999949e+00
-5.675000000000000357e-03,3.558599999999999958e-02,-9.832587000000000188e+00
1.642149999999999999e-01,1.141120000000000051e-01,-9.756567999999999685e+00
5.387999999999999734e-02,2.239109999999999989e-01,-9.846028000000000446e+00
2.919880000000000253e-01,3.251339999999999786e-01,-9.646364000000000161e+00
1.713790000000000036e-01,3.383010000000000184e-01,-9.577564000000000632e+00
-6.459399999999999864e-02,2.627470000000000083e-01,-9.844734000000000762e+00
7.931299999999999462e-02,8.588899999999999313e-02,-9.710793000000000674e+00
2.943099999999999883e-02,-2.626900000000000068e-02,-9.807394000000000389e+00
9.208399999999999919e-02,-3.701499999999999929e-02,-9.817510000000000403e+00
-1.200729999999999992e-01,-7.246999999999999970e-03,-1.003596100000000035e+01
9.739799999999999847e-02,-3.237500000000000100e-02,-9.768090000000000828e+00
-2.971599999999999936e-02,1.685290000000000121e-01,-9.729710999999999999e+00
7.284499999999999309e-02,1.616180000000000117e-01,-9.820999999999999730e+00
6.234699999999999964e-02,1.674829999999999930e-01,-9.748343000000000202e+00
-1.147600000000000009e-01,6.198000000000000037e-02,-9.698252000000000095e+00
-1.416219999999999979e-01,2.413639999999999952e-01,-9.590293000000000845e+00
4.437499999999999778e-02,2.554150000000000031e-01,-9.759719999999999729e+00
-1.791619999999999879e-01,2.658490000000000020e-01,-9.738770999999999844e+00
-1.846800000000000108e-01,4.688399999999999790e-01,-9.786645000000000039e+00
4.983900000000000136e-02,3.248110000000000164e-01,-9.830334000000000572e+00
-1.432910000000000017e-01,2.605009999999999826e-01,-9.979817999999999856e+00
-2.435249999999999915e-01,2.584770000000000123e-01,-9.805635000000000545e+00
6.336899999999999478e-02,2.379809999999999981e-01,-9.755976000000000425e+00
-1.432660000000000045e-01,1.421759999999999968e-01,-9.826263000000000858e+00
-7.617999999999999772e-03,4.327000000000000290e-02,-9.766220000000000567e+00
-1.288000000000000082e-02,1.641769999999999896e-01,-9.807733999999999952e+00
8.604499999999999649e-02,5.431600000000000317e-02,-9.814657000000000409e+00
6.007400000000000240e-02,4.082500000000000018e-02,-9.819281999999999400e+00
3.234800000000000175e-02,-5.948300000000000115e-02,-9.833074999999999122e+00
-5.864899999999999974e-02,-1.494989999999999930e-01,-9.812870000000000203e+00
1.513170000000000071e-01,5.310600000000000043e-02,-9.807843999999999340e+00
2.864800000000000124e-01,1.935020000000000073e-01,-9.855741000000000085e+00
1.478909999999999947e-01,-1.892000000000000019e-03,-9.803148999999999447e+00
-3.040999999999999866e-03,5.654900000000000204e-02,-9.744457000000000590e+00
1.831810000000000105e-01,1.623900000000000066e-01,-9.806922000000000139e+00
1.824230000000000018e-01,2.480200000000000113e-02,-9.813757999999999981e+00
-2.054599999999999829e-02,5.591800000000000243e-02,-9.868933000000000177e+00
-1.809219999999999995e-01,2.713099999999999956e-01,-9.989710000000000534e+00
2.010770000000000057e-01,2.398879999999999901e-01,-9.760982999999999521e+00
2.501280000000000170e-01,1.807999999999999885e-01,-9.776956999999999454e+00
1.539609999999999868e-01,2.388290000000000135e-01,-9.777915000000000134e+00
-5.343200000000000033e-02,8.328000000000000680e-02,-9.772634999999999295e+00
-7.325299999999999867e-02,-6.673999999999999377e-02,-9.607236999999999583e+00
-1.191070000000000045e-01,-8.162400000000000211e-02,-9.697943000000000424e+00
-3.635399999999999743e-02,-1.099890000000000034e-01,-9.802925000000000111e+00
-8.909499999999999365e-02,2.762200000000000072e-02,-9.755819000000000685e+00
-4.981300000000000311e-02,-3.720000000000000216e-03,-9.768174000000000134e+00
-7.244100000000000539e-02,5.716199999999999753e-02,-9.823221999999999454e+00
8.265300000000000424e-02,-1.975599999999999926e-02,-9.946384999999999366e+00
7.451000000000000158e-03,-5.616899999999999671e-02,-1.002254100000000037e+01
2.555930000000000146e-01,-3.821030000000000260e-01,-9.751623999999999626e+00
1.493420000000000025e-01,-5.184330000000000327e-01,-9.796887999999999153e+00
1.540400000000000102e-01,-3.356520000000000059e-01,-9.840006999999999948e+00
4.192300000000000193e-02,-2.706160000000000232e-01,-9.787036000000000513e+00
1.235460000000000030e-01,8.844399999999999484e-02,-9.679313000000000500e+00
3.018370000000000219e-01,5.105800000000000338e-01,-9.740344000000000335e+00
1.369879999999999987e-01,-4.549899999999999778e-02,-9.785173000000000343e+00
6.444800000000000528e-02,-2.774490000000000012e-01,-9.803670000000000329e+00
2.477100000000000135e-01,-2.513659999999999783e-01,-9.838843000000000671e+00
4.300229999999999886e-01,-2.384489999999999943e-01,-9.738435000000000841e+00
2.136740000000000028e-01,-1.489409999999999901e-01,-9.715759999999999508e+00
4.443099999999999827e-02,-5.675499999999999989e-02,-9.805737999999999843e+00
-4.614700000000000052e-02,-3.510900000000000132e-02,-9.832003999999999522e+00
-3.316399999999999904e-02,-1.034579999999999944e-01,-9.782814999999999372e+00
-3.078099999999999933e-02,-1.297649999999999915e-01,-9.899637999999999494e+00
-2.880999999999999880e-02,-1.955739999999999978e-01,-9.953545999999999339e+00
-3.298199999999999743e-02,-2.472389999999999866e-01,-9.790454999999999686e+00
1.344519999999999882e-01,-2.901400000000000159e-02,-9.766177000000000774e+00
1.237309999999999938e-01,1.732769999999999866e-01,-9.833857000000000070e+00
-7.110000000000000434e-04,2.629859999999999975e-01,-9.816601999999999606e+00
1.557389999999999886e-01,2.965900000000000133e-02,-9.797961000000000809e+00
3.018330000000000179e-01,2.313499999999999931e-02,-9.812452999999999648e+00
2.277790000000000092e-01,-5.108999999999999826e-03,-9.827911000000000286e+00
2.224990000000000023e-01,2.318299999999999875e-02,-9.771383999999999403e+00
2.054860000000000020e-01,1.193619999999999959e-01,-9.776799000000000461e+00
2.116639999999999910e-01,-1.300899999999999973e-02,-9.828687999999999647e+00
1.672220000000000095e-01,1.297000000000000063e-02,-9.583778000000000574e+00
-4.555300000000000321e-02,7.942699999999999760e-02,-9.812134000000000356e+00
9.515200000000000047e-02,-8.104999999999999358e-03,-9.777274000000000242e+00
9.268899999999999362e-02,1.206080000000000069e-01,-9.842494999999999550e+00
1.224940000000000057e-01,1.881609999999999949e-01,-9.797069000000000472e+00
1.458399999999999974e-02,-5.774399999999999672e-02,-9.743183999999999401e+00
1.640850000000000086e-01,-5.707099999999999673e-02,-9.908462000000000103e+00
2.580109999999999904e-01,-1.701749999999999929e-01,-9.857744999999999536e+00
3.129000000000000115e-01,-7.542600000000000693e-02,-9.787518999999999636e+00
3.215319999999999845e-01,4.698800000000000199e-02,-9.751089000000000340e+00
3.081180000000000030e-01,1.083169999999999966e-01,-9.797826000000000590e+00
1.608439999999999870e-01,1.454409999999999870e-01,-9.588214000000000681e+00
1.686179999999999901e-01,-5.694000000000000276e-03,-9.747875000000000512e+00
1.607030000000000125e-01,-6.560499999999999665e-02,-9.836696999999999136e+00
4.807819999999999871e-01,-6.347300000000000164e-02,-9.792797000000000196e+00
3.325400000000000023e-01,-1.709569999999999979e-01,-9.818203000000000458e+00
2.818579999999999974e-01,-3.147699999999999804e-02,-9.810838000000000392e+00
3.806869999999999976e-01,-4.067999999999999568e-03,-9.783889000000000280e+00
2.613449999999999940e-01,1.229719999999999980e-01,-9.758841999999999572e+00
3.797199999999999881e-02,1.138460000000000027e-01,-9.800126999999999811e+00
3.192799999999999805e-02,1.450790000000000135e-01,-9.820278999999999314e+00
-8.946099999999999886e-02,2.500550000000000272e-01,-9.806613999999999720e+00
-1.180989999999999956e-01,3.276319999999999788e-01,-9.793369000000000213e+00
-1.612909999999999899e-01,1.670250000000000068e-01,-9.724277999999999977e+00
-4.696000000000000174e-02,1.668419999999999903e-01,-9.789963000000000193e+00
7.291300000000000558e-02,5.787199999999999983e-02,-9.791062999999999406e+00
2.059259999999999979e-01,-1.720899999999999930e-01,-9.797573999999999117e+00
6.450200000000000378e-02,-1.399500000000000050e-02,-9.840545999999999793e+00
5.403299999999999770e-02,1.899700000000000000e-02,-9.892386999999999375e+00
1.275399999999999867e-01,-1.308100000000000061e-02,-9.901854000000000156e+00
8.802300000000000402e-02,4.272200000000000303e-02,-9.810705000000000453e+00
2.194810000000000094e-01,-6.956099999999999783e-02,-9.812450999999999368e+00
1.591589999999999949e-01,-1.830390000000000073e-01,-9.784622000000000597e+00
1.984819999999999918e-01,-9.585000000000000464e-02,-9.839769999999999683e+00
1.920769999999999977e-01,-7.302000000000000331e-03,-9.907289999999999708e+00
9.775200000000000555e-02,1.221300000000000024e-01,-9.817819999999999325e+00
8.564199999999999591e-02,1.796639999999999904e-01,-9.783993000000000606e+00
-1.108499999999999937e-02,1.620739999999999958e-01,-9.827223000000000042e+00
2.783499999999999863e-02,1.533549999999999913e-01,-9.834201000000000192e+00
1.590139999999999887e-01,1.436969999999999914e-01,-9.949272999999999811e+00
1.720440000000000025e-01,-1.267240000000000033e-01,-9.762527999999999651e+00
1.333060000000000078e-01,-2.016219999999999957e-01,-9.829368000000000549e+00
2.336189999999999933e-01,-1.358000000000000040e-01,-9.804401000000000366e+00
1.516699999999999993e-01,-7.028399999999999925e-02,-9.819212000000000273e+00
4.739700000000000163e-02,5.662899999999999878e-02,-9.766681999999999420e+00
1.378459999999999963e-01,-1.785399999999999834e-02,-9.798168999999999684e+00
2.694529999999999981e-01,-9.378799999999999637e-02,-9.793691000000000813e+00
1.791169999999999984e-01,-4.806900000000000062e-02,-9.806221000000000743e+00
7.507500000000000284e-02,4.954700000000000076e-02,-9.770414000000000598e+00
-3.498400000000000121e-02,1.933769999999999933e-01,-9.808837000000000472e+00
-1.999099999999999835e-02,1.610219999999999985e-01,-9.785762999999999323e+00
-1.274359999999999937e-01,2.098609999999999920e-01,-9.966915999999999443e+00
5.082799999999999818e-02,1.063370000000000010e-01,-9.858746999999999261e+00
1.016119999999999940e-01,2.052000000000000005e-02,-9.796060999999999908e+00
2.363210000000000033e-01,-1.590090000000000114e-01,-9.794064999999999799e+00
2.481669999999999987e-01,-1.067010000000000042e-01,-9.847787000000000290e+00
2.495040000000000036e-01,-2.723519999999999830e-01,-9.859408000000000172e+00
1.241779999999999967e-01,-1.905920000000000114e-01,-1.010561399999999921e+01
1.475910000000000000e-01,-4.011999999999999941e-03,-9.737911999999999679e+00
6.239700000000000107e-02,6.320900000000000130e-02,-9.784940000000000637e+00
3.617000000000000076e-02,2.066729999999999956e-01,-9.746105000000000018e+00
2.361590000000000078e-01,2.275560000000000083e-01,-9.757106999999999530e+00
3.436520000000000130e-01,6.358500000000000263e-02,-9.778627000000000180e+00
2.513759999999999883e-01,1.624120000000000008e-01,-9.767920000000000158e+00
8.861299999999999732e-02,1.785940000000000027e-01,-9.793371000000000492e+00
8.374700000000000200e-02,4.327730000000000188e-01,-9.763514000000000692e+00
1.516799999999999919e-02,6.278179999999999872e-01,-9.806976000000000582e+00
1.226410000000000000e-01,5.843369999999999953e-01,-9.825727000000000544e+00
7.441100000000000492e-02,2.801799999999999846e-01,-9.755577000000000609e+00
-3.486100000000000310e-02,-1.523019999999999929e-01,-9.825060000000000571e+00
-8.366600000000000426e-02,-4.111130000000000062e-01,-9.848888999999999783e+00
1.978109999999999868e-01,-6.820640000000000036e-01,-9.755812000000000594e+00
1.954869999999999941e-01,-4.781839999999999979e-01,-9.795915000000000816e+00
2.207909999999999873e-01,-1.532169999999999921e-01,-9.711589000000000027e+00
2.836529999999999885e-01,1.351980000000000126e-01,-9.814930999999999628e+00
3.604080000000000061e-01,3.559660000000000046e-01,-9.809965000000000046e+00
2.693479999999999763e-01,4.569759999999999933e-01,-9.830949000000000382e+00
2.710830000000000184e-01,7.485709999999999864e-01,-9.793696999999999875e+00
1.987909999999999955e-01,5.725890000000000146e-01,-9.811298999999999992e+00
6.009400000000000158e-02,2.516920000000000268e-01,-9.726793999999999940e+00
-1.218670000000000031e-01,-2.232629999999999892e-01,-9.749655999999999878e+00
-3.855299999999999699e-02,-3.128819999999999935e-01,-9.838063000000000002e+00
5.483699999999999686e-02,-2.555629999999999846e-01,-9.787020000000000053e+00
1.709160000000000124e-01,-2.537699999999999956e-01,-9.873625999999999792e+00
3.282289999999999930e-01,-1.452549999999999952e-01,-9.711021000000000569e+00
1.970619999999999872e-01,-7.741399999999999670e-02,-9.665703999999999851e+00
7.942499999999999560e-02,3.325930000000000275e-01,-9.821372000000000213e+00
-1.391409999999999869e-01,8.037570000000000547e-01,-9.755404999999999660e+00
-4.392119999999999913e-01,6.091619999999999813e-01,-9.769011000000000777e+00
-4.044170000000000265e-01,2.903560000000000030e-01,-9.719936000000000575e+00
-1.383979999999999932e-01,-5.999399999999999872e-02,-9.436809999999999476e+00
-8.465999999999999567e-03,2.674500000000000141e-02,-9.751694000000000528e+00
3.057100000000000095e-02,1.426070000000000115e-01,-9.784404000000000323e+00
-2.484199999999999950e-02,2.452779999999999960e-01,-9.801785000000000636e+00
-2.478559999999999930e-01,4.182020000000000182e-01,-9.845173000000000840e+00
-3.816410000000000080e-01,5.945549999999999446e-01,-9.769909999999999428e+00
-1.410780000000000090e-01,3.460360000000000102e-01,-9.733518000000000114e+00
-5.937499999999999722e-02,4.752499999999999780e-02,-9.796801000000000315e+00
7.923800000000000288e-02,5.152700000000000335e-02,-9.817462000000000799e+00
4.230500000000000232e-02,-2.303790000000000004e-01,-9.793333000000000510e+00
9.566099999999999604e-02,-6.549800000000000066e-01,-9.741467999999999350e+00
1.879180000000000017e-01,-8.327759999999999607e-01,-9.730629999999999669e+00
3.654080000000000106e-01,-7.398059999999999636e-01,-9.728127999999999886e+00
3.744290000000000118e-01,-5.945880000000000054e-01,-9.816725999999999175e+00
2.176750000000000074e-01,-7.180469999999999908e-01,-9.793284999999999130e+00
2.017599999999999949e-02,-5.494329999999999492e-01,-9.765527999999999764e+00
-4.065400000000000125e-01,-1.260930000000000106e-01,-9.833888999999999214e+00
-5.605959999999999832e-01,1.870899999999999994e-02,-1.033090600000000059e+01
-5.002499999999999725e-01,1.495199999999999863e-01,-9.909624000000000876e+00
-2.039479999999999904e-01,1.573450000000000126e-01,-9.817197000000000173e+00
-2.154999999999999798e-03,-2.025869999999999893e-01,-9.870184999999999320e+00
1.100269999999999998e-01,-2.412930000000000075e-01,-9.770626999999999285e+00
1.470589999999999953e-01,-8.545899999999999330e-02,-9.799618000000000606e+00
1.888430000000000109e-01,-2.253999999999999927e-03,-9.751784000000000674e+00
4.825269999999999837e-01,1.723280000000000090e-01,-9.799136999999999986e+00
5.440789999999999793e-01,3.724790000000000045e-01,-9.814211000000000240e+00
4.120110000000000161e-01,5.856109999999999927e-01,-9.805725000000000691e+00
2.011239999999999972e-01,7.340870000000000450e-01,-9.805930999999999287e+00
-1.245500000000000079e-02,9.764040000000000497e-01,-9.920711999999999975e+00
-1.912109999999999921e-01,6.443809999999999816e-01,-9.873739000000000487e+00
-9.345299999999999441e-02,5.249899999999999706e-02,-9.756335999999999231e+00
1.063100000000000017e-01,-2.630600000000000160e-01,-9.787380000000000635e+00
2.007869999999999933e-01,-3.628890000000000171e-01,-9.830987000000000364e+00
1.894790000000000085e-01,-4.323100000000000276e-01,-9.837230999999999170e+00
8.401400000000000534e-02,-1.399390000000000078e-01,-9.761129999999999640e+00
-4.859000000000000125e-02,5.949100000000000221e-02,-9.764003000000000654e+00
-5.109600000000000253e-02,1.686439999999999884e-01,-9.804496999999999574e+00
2.110700000000000076e-02,4.822300000000000197e-02,-9.829997999999999791e+00
6.509199999999999708e-02,1.934500000000000108e-02,-9.838606000000000407e+00
2.853100000000000080e-01,1.844750000000000001e-01,-1.003408499999999925e+01
3.075820000000000221e-01,1.489739999999999953e-01,-9.944378999999999635e+00
1.093819999999999931e-01,3.970200000000000118e-02,-9.778847000000000733e+00
-8.133700000000000652e-02,-1.116449999999999942e-01,-9.769138999999999129e+00
3.209000000000000047e-02,-2.346550000000000025e-01,-9.746798000000000073e+00
7.724399999999999322e-02,-2.004060000000000008e-01,-9.784482999999999819e+00
1.534349999999999881e-01,-2.064290000000000014e-01,-9.542446999999999235e+00
9.303899999999999670e-02,-2.367720000000000102e-01,-9.830769999999999342e+00
6.766400000000000192e-02,-8.237600000000000477e-02,-9.824365999999999488e+00
1.014059999999999961e-01,-1.491449999999999998e-01,-9.794632999999999257e+00
1.802030000000000021e-01,-7.816700000000000037e-02,-9.753348000000000795e+00
9.333199999999999830e-02,6.513399999999999745e-02,-9.628759999999999764e+00
3.693799999999999861e-02,1.134330000000000060e-01,-9.656074000000000268e+00
1.477799999999999947e-02,2.448099999999999929e-02,-9.757742000000000360e+00
-1.071280000000000010e-01,6.623600000000000321e-02,-9.787193000000000254e+00
-1.413709999999999967e-01,8.959999999999999866e-04,-9.804850999999999317e+00
-1.330020000000000091e-01,-1.809979999999999922e-01,-9.771096999999999255e+00
-2.109360000000000124e-01,-2.499949999999999950e-01,-9.734636999999999318e+00
-1.130509999999999987e-01,-3.463609999999999745e-01,-9.857703000000000770e+00
-1.235089999999999938e-01,-3.727429999999999910e-01,-9.768938999999999595e+00
-4.697699999999999793e-02,-1.961279999999999968e-01,-9.855337999999999710e+00
1.670530000000000070e-01,-1.675149999999999972e-01,-9.765921999999999770e+00
1.629210000000000103e-01,-2.165900000000000117e-02,-9.758069000000000770e+00
2.683440000000000270e-01,7.798800000000000177e-02,-9.473945000000000505e+00
2.632399999999999740e-01,2.024299999999999988e-01,-9.709400000000000475e+00
1.749900000000000067e-02,4.624440000000000217e-01,-9.837737999999999872e+00
-1.837600000000000067e-01,2.796429999999999749e-01,-9.847659000000000162e+00
-2.762600000000000056e-01,6.232999999999999825e-03,-9.757350999999999885e+00
-1.259730000000000016e-01,-5.761199999999999655e-02,-9.632265999999999551e+00
2.133940000000000003e-01,2.351999999999999924e-03,-9.608285999999999660e+00
1.139069999999999944e-01,1.736320000000000086e-01,-9.816181000000000267e+00
1.577580000000000093e-01,3.487799999999999789e-01,-9.780929000000000428e+00
2.187400000000000108e-02,3.646900000000000142e-01,-9.796841000000000577e+00
7.483000000000000068e-03,5.081399999999999806e-02,-9.825124000000000635e+00
1.840539999999999954e-01,-1.270310000000000050e-01,-9.556597999999999260e+00
1.066509999999999958e-01,-5.053659999999999819e-01,-9.697017000000000664e+00
1.538960000000000050e-01,-5.389500000000000401e-01,-9.851535000000000153e+00
2.465729999999999866e-01,-1.663409999999999889e-01,-9.827662000000000120e+00
1.664889999999999981e-01,1.913289999999999991e-01,-9.826636999999999844e+00
2.556149999999999811e-01,5.899079999999999879e-01,-9.275354000000000099e+00
1.698089999999999877e-01,7.482809999999999739e-01,-9.114304999999999879e+00
-1.339400000000000035e-01,6.449620000000000353e-01,-9.797755000000000436e+00
-4.594869999999999788e-01,3.562939999999999996e-01,-9.721533000000000868e+00
-5.356030000000000513e-01,4.650300000000000267e-02,-9.806794999999999263e+00
-4.298520000000000119e-01,-8.123199999999999865e-02,-9.813570999999999600e+00
-2.599870000000000236e-01,1.069999999999999988e-04,-9.687286000000000286e+00
-1.341040000000000010e-01,1.452009999999999967e-01,-9.712837000000000387e+00
-1.028130000000000016e-01,1.117130000000000067e-01,-9.808343999999999951e+00
-1.326640000000000041e-01,-5.830400000000000166e-02,-9.788142999999999816e+00
-1.871710000000000040e-01,-2.080329999999999957e-01,-9.817040000000000433e+00
-1.740939999999999988e-01,-3.678730000000000055e-01,-9.703343000000000274e+00
1.669980000000000075e-01,-3.242340000000000222e-01,-9.429434999999999789e+00
2.898600000000000065e-01,-1.207140000000000019e-01,-9.719239999999999213e+00
3.681189999999999740e-01,1.596839999999999926e-01,-9.870400000000000063e+00
2.819690000000000252e-01,2.467999999999999916e-01,-9.850265000000000271e+00
1.730240000000000111e-01,1.696729999999999905e-01,-9.780625000000000568e+00
1.219200000000000006e-01,-5.473999999999999699e-03,-9.193308000000000035e+00
-7.050299999999999623e-02,-1.626360000000000028e-01,-9.330871000000000137e+00
-3.906529999999999725e-01,-2.632610000000000228e-01,-9.759128000000000469e+00
-3.162249999999999783e-01,-3.714770000000000016e-01,-9.726599000000000217e+00
-2.338639999999999886e-01,-3.367200000000000193e-01,-9.764060999999999879e+00
-1.580940000000000123e-01,-2.204160000000000008e-01,-9.801754999999999995e+00
-1.176029999999999992e-01,-1.368689999999999907e-01,-9.860908999999999480e+00
-1.768039999999999889e-01,5.257900000000000074e-02,-9.791066000000000713e+00
-1.891269999999999896e-01,3.599299999999999722e-02,-9.763132000000000588e+00
-2.252570000000000128e-01,-1.718400000000000136e-02,-9.737866999999999607e+00
-1.683469999999999966e-01,-1.122169999999999973e-01,-9.811659000000000574e+00
-1.396979999999999889e-01,-2.537300000000000111e-01,-1.020735999999999954e+01
-3.451110000000000011e-01,-2.144220000000000015e-01,-1.034002899999999947e+01
-3.281040000000000068e-01,-1.668979999999999908e-01,-9.726326999999999501e+00
-1.657299999999999884e-01,-1.423240000000000061e-01,-9.677974000000000743e+00
-2.736700000000000244e-01,-4.075840000000000019e-01,-9.748450000000000060e+00
-1.243540000000000062e-01,-3.911510000000000264e-01,-9.729725999999999431e+00
3.261589999999999767e-01,-2.065520000000000134e-01,-9.753094000000000818e+00
4.344020000000000103e-01,-1.027800000000000068e-02,-9.823988999999999194e+00
2.147769999999999957e-01,-9.180800000000000072e-02,-9.892132000000000147e+00
1.439449999999999896e-01,-2.351590000000000069e-01,-9.826344000000000634e+00
3.212199999999999778e-02,-3.342760000000000176e-01,-9.727963000000000804e+00
-2.462200000000000152e-02,-1.715019999999999878e-01,-9.807353000000000876e+00
8.343799999999999828e-02,1.095580000000000026e-01,-9.662124000000000379e+00
-5.612799999999999734e-02,4.039980000000000238e-01,-9.697903999999999414e+00
-5.187599999999999850e-02,2.830929999999999835e-01,-9.752007000000000758e+00
2.388600000000000098e-02,4.419100000000000111e-02,-9.780616000000000199e+00
-1.333799999999999986e-01,-1.729479999999999906e-01,-9.757550000000000168e+00
-3.374719999999999942e-01,-8.438500000000000167e-02,-9.385362999999999900e+00
-2.912299999999999889e-01,-5.366200000000000137e-02,-9.011991999999999337e+00
-1.689660000000000051e-01,1.452459999999999862e-01,-9.890814999999999912e+00
-1.749449999999999894e-01,4.958819999999999895e-01,-9.729120999999999242e+00
-6.993099999999999317e-02,5.315900000000000070e-01,-9.760355999999999810e+00
-1.328020000000000034e-01,2.764900000000000135e-01,-9.827496999999999261e+00
6.664599999999999691e-02,1.368979999999999919e-01,-9.931862999999999886e+00
-5.618599999999999983e-02,-1.610250000000000015e-01,-9.889457000000000164e+00
7.281899999999999484e-02,-2.555859999999999799e-01,-9.873891999999999669e+00
2.381459999999999966e-01,-1.720140000000000002e-01,-9.782602999999999938e+00
2.756089999999999929e-01,4.227600000000000108e-02,-9.858743000000000478e+00
1.812199999999999922e-01,-7.026000000000000301e-02,-1.012507199999999941e+01
4.528499999999999887e-02,-3.010070000000000245e-01,-1.007276300000000013e+01
-2.013500000000000012e-02,-2.947310000000000207e-01,-9.767770000000000508e+00
-1.080229999999999940e-01,-3.254879999999999995e-01,-9.780108999999999497e+00
-4.576000000000000206e-02,-2.705710000000000059e-01,-9.767817000000000860e+00
6.772899999999999754e-02,-1.155349999999999988e-01,-9.671526999999999319e+00
-7.046800000000000286e-02,1.238650000000000029e-01,-9.305676000000000059e+00
-9.003600000000000492e-02,-6.907800000000000051e-02,-9.698142000000000706e+00
1.897439999999999960e-01,-2.990260000000000140e-01,-9.804821000000000453e+00
1.801010000000000111e-01,-1.722430000000000072e-01,-9.808291999999999788e+00
1.435039999999999927e-01,-9.371100000000000263e-02,-9.773590999999999696e+00
7.716299999999999548e-02,-5.535999999999999949e-02,-9.690597999999999601e+00
4.440199999999999703e-02,-1.560800000000000035e-02,-9.446559999999999846e+00
4.309600000000000236e-02,3.428300000000000097e-02,-9.760505999999999460e+00
6.650399999999999368e-02,-9.020999999999999505e-03,-9.777300999999999576e+00
-1.411709999999999909e-01,6.495399999999999785e-02,-9.699028000000000205e+00
-2.556740000000000124e-01,1.589369999999999949e-01,-9.810990000000000322e+00
-3.938010000000000121e-01,1.178369999999999973e-01,-9.676009999999999778e+00
-4.048419999999999797e-01,1.413840000000000097e-01,-9.775741999999999265e+00
-3.896580000000000044e-01,9.372500000000000275e-02,-9.735421999999999798e+00
-3.294460000000000166e-01,-1.063000000000000056e-01,-9.792968000000000117e+00
-2.500350000000000072e-01,-1.120600000000000068e-01,-9.797276999999999347e+00
-1.352919999999999956e-01,-9.900399999999999479e-02,-9.848110000000000142e+00
-1.443540000000000101e-01,-7.831299999999999373e-02,-1.003722499999999940e+01
-8.404200000000000559e-02,-4.596200000000000285e-02,-9.780438999999999439e+00
-1.090600000000000076e-02,5.079100000000000281e-02,-9.809378000000000597e+00
3.708399999999999891e-02,1.300540000000000029e-01,-9.765753000000000128e+00
1.949999999999999910e-03,3.050399999999999986e-02,-9.737163000000000679e+00
-2.710540000000000171e-01,1.646950000000000081e-01,-1.025626100000000029e+01
-1.401380000000000126e-01,2.069419999999999871e-01,-1.006761599999999923e+01
-7.407999999999999308e-02,2.892339999999999911e-01,-9.717394999999999783e+00
-1.193530000000000008e-01,1.966259999999999952e-01,-9.729172999999999405e+00
-1.229259999999999936e-01,-1.079330000000000012e-01,-9.797420000000000684e+00
-1.293749999999999900e-01,-2.145140000000000102e-01,-9.735452999999999690e+00
-3.550699999999999967e-01,-1.392529999999999879e-01,-9.739898000000000167e+00
-2.684500000000000219e-01,-8.702999999999999625e-02,-9.785368000000000066e+00
7.167900000000000660e-02,2.795900000000000121e-02,-9.811066000000000287e+00
1.359350000000000003e-01,1.600620000000000098e-01,-9.806898000000000337e+00
1.183700000000000030e-01,8.411999999999999339e-03,-9.789993000000000833e+00
8.835700000000000498e-02,-5.000199999999999784e-02,-9.749815999999999150e+00
-5.295400000000000107e-02,-1.782399999999999957e-02,-9.845160999999999163e+00
-1.074900000000000022e-01,9.886899999999999855e-02,-9.785173000000000343e+00
-2.686970000000000192e-01,2.352879999999999971e-01,-9.720508999999999844e+00
-3.176320000000000254e-01,1.945649999999999880e-01,-9.771165999999999130e+00
-3.151320000000000232e-01,1.491530000000000078e-01,-9.770685999999999538e+00
-9.846900000000000097e-02,-5.603699999999999654e-02,-9.995829000000000519e+00
5.004200000000000315e-02,-1.792439999999999867e-01,-9.897477999999999554e+00
3.059999999999999873e-02,-1.638459999999999916e-01,-9.785935000000000272e+00
1.611720000000000097e-01,-1.486040000000000139e-01,-9.813980000000000814e+00
7.216100000000000292e-02,1.442420000000000091e-01,-9.809215999999999269e+00
-1.915600000000000080e-01,2.001930000000000098e-01,-9.882555999999999230e+00
-1.175449999999999967e-01,1.310620000000000118e-01,-1.040248899999999921e+01
-1.396070000000000089e-01,1.440470000000000084e-01,-9.894721999999999795e+00
-1.779789999999999983e-01,4.119600000000000345e-02,-9.798678000000000665e+00
-2.492280000000000051e-01,6.509000000000000029e-03,-9.797211000000000780e+00
-2.233600000000000030e-01,-8.374600000000000100e-02,-9.843391000000000446e+00
-3.191249999999999920e-01,3.265000000000000107e-03,-9.771677000000000390e+00
-1.905070000000000097e-01,5.712400000000000116e-02,-9.544214000000000198e+00
-1.338900000000000090e-01,-9.125600000000000378e-02,-9.904296999999999684e+00
1.409360000000000057e-01,-2.645399999999999835e-02,-9.859049000000000618e+00
3.546050000000000035e-01,8.803000000000000061e-03,-1.000680099999999939e+01
4.067239999999999744e-01,5.052800000000000347e-02,-9.845098000000000127e+00
3.000959999999999739e-01,-1.366169999999999884e-01,-9.778458999999999790e+00
3.402510000000000256e-01,-1.355230000000000046e-01,-9.840246000000000492e+00
1.169489999999999974e-01,-9.785499999999999754e-02,-9.757633999999999475e+00
-7.613599999999999535e-02,6.790200000000000402e-02,-9.782771000000000328e+00
-2.334380000000000066e-01,8.062900000000000622e-02,-9.901462000000000430e+00
-2.078780000000000072e-01,9.917800000000000227e-02,-9.615553000000000239e+00
-4.287440000000000140e-01,2.251710000000000100e-01,-9.885094000000000491e+00
-1.363790000000000002e-01,1.155830000000000052e-01,-9.802341000000000193e+00
1.147480000000000028e-01,1.588680000000000092e-01,-9.726357000000000141e+00
1.283749999999999891e-01,2.615129999999999955e-01,-9.772861000000000686e+00
1.755230000000000123e-01,2.896549999999999958e-01,-9.657057000000000002e+00
1.234650000000000053e-01,1.407829999999999915e-01,-1.011162999999999990e+01
1.416620000000000101e-01,-1.617800000000000141e-02,-1.015414400000000050e+01
-1.918800000000000019e-02,-1.509449999999999958e-01,-9.815058000000000504e+00
2.117000000000000132e-02,-3.046150000000000246e-01,-9.821590999999999738e+00
-1.032689999999999997e-01,-4.236240000000000006e-01,-9.817472000000000421e+00
-1.819030000000000091e-01,-2.689219999999999944e-01,-9.686697000000000557e+00
-8.668499999999999817e-02,-2.736600000000000144e-02,-9.664465999999999113e+00
-1.850860000000000005e-01,-4.206100000000000116e-02,-9.800017000000000422e+00
-1.267479999999999996e-01,-2.105809999999999904e-01,-9.774231000000000336e+00
1.092579999999999940e-01,-3.840400000000000064e-02,-9.809051999999999438e+00
1.104080000000000061e-01,3.589900000000000035e-02,-9.752831999999999724e+00
2.626020000000000021e-01,3.565619999999999901e-01,-9.757483000000000573e+00
1.044240000000000029e-01,3.632889999999999731e-01,-9.781257000000000090e+00
-7.974299999999999444e-02,1.312709999999999988e-01,-9.820812000000000097e+00
-1.161679999999999935e-01,1.715699999999999864e-02,-9.760431000000000523e+00
-4.236399999999999888e-02,3.178899999999999781e-02,-9.793055000000000732e+00
-6.726400000000000434e-02,1.508510000000000129e-01,-9.712941000000000713e+00
-7.012000000000000004e-03,2.480779999999999930e-01,-9.139359000000000677e+00
-2.161369999999999958e-01,2.913270000000000026e-01,-9.820982000000000767e+00
-3.018069999999999919e-01,2.501249999999999862e-01,-9.797281999999999158e+00
-1.997250000000000136e-01,2.765700000000000103e-02,-9.733701999999999188e+00
1.335709999999999953e-01,-1.811899999999999969e-02,-9.748718000000000217e+00
1.014309999999999934e-01,1.706900000000000084e-02,-9.737558999999999187e+00
-1.371920000000000084e-01,1.429700000000000068e-02,-9.320439000000000362e+00
1.956320000000000003e-01,1.509630000000000138e-01,-9.777374000000000009e+00
1.203029999999999933e-01,1.107770000000000005e-01,-9.820995999999999171e+00
-4.539999999999999765e-03,5.712600000000000317e-02,-9.814572999999999325e+00
1.010280000000000067e-01,-1.076560000000000017e-01,-9.788088000000000122e+00
-1.374080000000000024e-01,-1.663590000000000069e-01,-9.624301000000000883e+00
-1.711699999999999888e-01,-6.377299999999999636e-02,-9.519123000000000445e+00
-9.639399999999999358e-02,-1.378659999999999886e-01,-9.788824999999999221e+00
4.343000000000000332e-02,-3.554800000000000321e-02,-9.771736000000000644e+00
-1.031910000000000049e-01,1.912999999999999978e-01,-9.859052999999999400e+00
-8.947499999999999898e-02,1.593650000000000067e-01,-9.755157999999999774e+00
-2.432300000000000087e-02,8.345400000000000040e-02,-9.987463999999999231e+00
-8.246599999999999764e-02,2.780619999999999759e-01,-9.845862000000000336e+00
-1.085699999999999998e-01,2.388609999999999900e-01,-9.737042999999999893e+00
-9.832899999999999974e-02,1.941469999999999863e-01,-9.786345000000000738e+00
8.104999999999999358e-03,5.869300000000000211e-02,-9.846023999999999887e+00
2.256390000000000062e-01,-1.289500000000000091e-01,-9.562262999999999735e+00
7.421500000000000319e-02,-1.901420000000000055e-01,-9.519951999999999970e+00
-1.188489999999999963e-01,-7.535699999999999343e-02,-9.793100000000000804e+00
-2.118599999999999928e-01,1.464290000000000036e-01,-9.808545000000000513e+00
-1.191170000000000007e-01,4.431800000000000184e-01,-9.839117999999999142e+00
-1.782350000000000045e-01,5.466309999999999780e-01,-9.778956000000000870e+00
-1.490339999999999998e-01,6.698709999999999942e-01,-9.637926000000000215e+00
-1.807729999999999893e-01,8.682090000000000085e-01,-9.828993000000000535e+00
-2.907609999999999917e-01,7.985759999999999525e-01,-9.765237000000000833e+00
-3.119580000000000131e-01,5.966540000000000177e-01,-9.737527999999999295e+00
-3.147710000000000230e-01,5.231679999999999664e-01,-9.815400999999999598e+00
-3.339739999999999931e-01,5.655120000000000147e-01,-9.901443999999999690e+00
-4.000710000000000099e-01,6.034620000000000539e-01,-9.936977999999999867e+00
-3.274270000000000236e-01,5.803509999999999502e-01,-9.845997000000000554e+00
-3.462599999999999706e-02,6.419160000000000421e-01,-9.734806999999999988e+00
2.016660000000000119e-01,4.850570000000000159e-01,-9.781688000000000827e+00
2.494689999999999963e-01,3.978799999999999698e-02,-9.830807999999999325e+00
2.471540000000000126e-01,-2.812319999999999820e-01,-9.868667999999999552e+00
2.486599999999999921e-01,-3.836879999999999735e-01,-9.856400000000000716e+00
2.020399999999999974e-02,-5.403740000000000210e-01,-9.801475999999999189e+00
4.074599999999999750e-02,-3.546659999999999813e-01,-9.821865999999999985e+00
4.612999999999999913e-03,-1.368129999999999902e-01,-9.799151000000000167e+00
7.794900000000000440e-02,6.996600000000000041e-02,-9.784159000000000717e+00
8.674800000000000566e-02,3.841499999999999776e-02,-9.678679999999999950e+00
1.038140000000000035e-01,2.288769999999999971e-01,-9.771302000000000376e+00
3.647700000000000248e-02,2.709989999999999899e-01,-9.784126000000000545e+00
-1.479719999999999924e-01,2.663260000000000072e-01,-9.831647999999999499e+00
-5.965580000000000327e-01,1.488369999999999971e-01,-9.797608000000000317e+00
-5.879410000000000469e-01,1.227999999999999925e-03,-9.795296000000000447e+00
-1.458550000000000124e-01,-3.225000000000000002e-03,-9.759363000000000454e+00
1.364789999999999892e-01,1.994350000000000012e-01,-9.779009999999999536e+00
5.426799999999999680e-02,1.366829999999999989e-01,-9.782768000000000796e+00
2.242030000000000134e-01,2.224750000000000061e-01,-9.858157999999999532e+00
2.473680000000000045e-01,1.298839999999999995e-01,-9.810510999999999981e+00
3.248090000000000144e-01,2.088689999999999991e-01,-1.001828800000000008e+01
5.174339999999999495e-01,2.524029999999999885e-01,-9.836230000000000473e+00
4.736710000000000087e-01,2.053599999999999870e-01,-9.817959999999999354e+00
3.584930000000000061e-01,1.363109999999999877e-01,-9.814095000000000013e+00
2.977179999999999827e-01,1.010540000000000049e-01,-9.818170000000000286e+00
5.659100000000000241e-02,9.739499999999999547e-02,-9.816210999999999132e+00
1.253899999999999980e-02,9.490999999999999437e-02,-9.812742999999999327e+00
-1.554999999999999959e-03,8.347799999999999665e-02,-9.812170000000000059e+00
-3.570999999999999869e-02,3.150599999999999928e-02,-9.796214000000000865e+00
-7.271099999999999786e-02,-4.225899999999999795e-02,-9.811127000000000820e+00
-8.031699999999999950e-02,-2.767899999999999874e-02,-9.826363999999999876e+00
-2.144919999999999882e-01,-1.174589999999999940e-01,-9.822979000000000127e+00
-3.332189999999999874e-01,-1.401670000000000138e-01,-9.818733999999999185e+00
-3.689459999999999962e-01,-9.579999999999999627e-02,-9.821502000000000621e+00
-3.559019999999999961e-01,-7.808500000000000163e-02,-9.790355999999999170e+00
-3.030749999999999833e-01,-1.166709999999999969e-01,-9.812217000000000411e+00
-3.014569999999999750e-01,-6.748200000000000032e-02,-9.849930000000000518e+00
-1.336420000000000108e-01,8.969599999999999795e-02,-9.920194000000000401e+00
8.012400000000000078e-02,2.511169999999999791e-01,-9.811636999999999276e+00
2.161359999999999948e-01,3.637210000000000165e-01,-9.794942000000000704e+00
3.204560000000000186e-01,3.988909999999999956e-01,-9.846726999999999563e+00
2.508779999999999899e-01,2.644420000000000104e-01,-9.809592000000000311e+00
1.189209999999999989e-01,1.555880000000000041e-01,-9.827265999999999835e+00
-8.626999999999999946e-02,7.578699999999999326e-02,-9.836042000000000840e+00
-3.887510000000000132e-01,2.745300000000000171e-02,-9.824757999999999214e+00
-4.303850000000000176e-01,6.364799999999999625e-02,-9.811757999999999313e+00
-3.739069999999999894e-01,-1.414759999999999907e-01,-9.804399000000000086e+00
-3.237070000000000225e-01,-2.391250000000000042e-01,-9.798087000000000657e+00
-3.205149999999999944e-01,-1.293950000000000100e-01,-9.882101999999999720e+00
-1.661680000000000101e-01,-2.464619999999999866e-01,-9.585138000000000602e+00
-1.561899999999999955e-01,-2.031820000000000015e-01,-9.823176000000000130e+00
2.994000000000000133e-03,-1.413220000000000032e-01,-9.812870999999999455e+00
7.910799999999999776e-02,-1.095369999999999955e-01,-9.747605000000000075e+00
3.126999999999999919e-02,4.811300000000000299e-02,-9.861414999999999154e+00
1.198800000000000004e-01,2.533670000000000089e-01,-9.680561000000000860e+00
3.964420000000000166e-01,5.645559999999999468e-01,-9.719723999999999364e+00
2.844849999999999879e-01,3.701450000000000018e-01,-9.834089999999999776e+00
-6.355600000000000138e-02,3.237079999999999957e-01,-9.789104000000000028e+00
-1.314929999999999988e-01,3.775780000000000247e-01,-9.823489999999999611e+00
2.284999999999999878e-02,2.427159999999999873e-01,-9.718287999999999371e+00
1.881970000000000032e-01,2.320349999999999913e-01,-9.679498000000000602e+00
7.366699999999999637e-02,1.162279999999999980e-01,-9.778548000000000684e+00
9.706700000000000050e-02,4.205400000000000110e-02,-9.813385999999999498e+00
3.336200000000000276e-02,1.770499999999999852e-02,-9.834381999999999735e+00
-1.053140000000000048e-01,6.815699999999999537e-02,-9.752015000000000100e+00
-2.322430000000000050e-01,-6.214999999999999691e-02,-9.716913999999999163e+00
5.838999999999999746e-02,-4.063300000000000245e-02,-9.772517999999999816e+00
1.901740000000000097e-01,4.813200000000000117e-02,-9.803129000000000204e+00
7.618099999999999872e-02,3.431850000000000178e-01,-9.801047000000000509e+00
1.366900000000000059e-01,3.376850000000000129e-01,-9.822691000000000727e+00
3.816930000000000045e-01,4.353460000000000107e-01,-9.894033999999999551e+00
2.711959999999999926e-01,2.659819999999999962e-01,-9.866701000000000832e+00
8.516100000000000059e-02,7.719800000000000273e-02,-9.760405999999999693e+00
-1.731910000000000116e-01,-7.283900000000000097e-02,-9.770365999999999218e+00
-1.231919999999999960e-01,1.909100000000000033e-02,-9.779754999999999754e+00
-1.696600000000000052e-01,4.258399999999999685e-02,-9.798078000000000287e+00
-1.798500000000000099e-01,3.399499999999999744e-02,-9.829843000000000330e+00
7.875300000000000356e-02,6.334900000000000253e-02,-9.861091999999999302e+00
1.727019999999999944e-01,-3.087300000000000114e-02,-9.791527000000000314e+00
8.959200000000000497e-02,-2.834499999999999867e-02,-9.765741999999999479e+00
3.323399999999999965e-02,-8.194700000000000595e-02,-9.816983999999999710e+00
-1.092879999999999963e-01,1.150130000000000041e-01,-9.770137000000000072e+00
-3.980700000000000210e-02,1.153620000000000062e-01,-9.732950000000000657e+00
-3.811999999999999850e-03,1.093189999999999995e-01,-9.784283999999999537e+00
-1.066100000000000034e-02,1.975830000000000086e-01,-9.777497999999999578e+00
-1.316450000000000120e-01,2.786089999999999955e-01,-9.803760999999999726e+00
-9.789100000000000579e-02,1.310469999999999968e-01,-9.781002000000000862e+00
-1.405279999999999863e-01,1.461159999999999959e-01,-9.741008000000000777e+00
-5.105200000000000016e-02,9.602199999999999624e-02,-9.745186999999999600e+00
-9.142699999999999438e-02,6.699800000000000200e-02,-9.783106999999999331e+00
-1.509310000000000096e-01,1.291660000000000030e-01,-9.814693000000000112e+00
3.587599999999999817e-02,1.011060000000000014e-01,-9.818951000000000207e+00
3.458300000000000263e-02,5.597099999999999992e-02,-9.768819000000000585e+00
1.824070000000000136e-01,2.052789999999999893e-01,-9.844549000000000660e+00
1.780140000000000056e-01,2.942279999999999895e-01,-9.822205999999999548e+00
2.035379999999999967e-01,1.301360000000000017e-01,-9.807781000000000304e+00
2.606649999999999801e-01,1.537509999999999988e-01,-9.821315999999999491e+00
1.939526000000000083e+00,7.402549999999999963e-01,-9.554624999999999702e+00
1.732677999999999940e+00,6.676020000000000287e-01,-9.785539999999999239e+00
1.028599999999999931e-01,-1.212500000000000036e-02,-9.830847999999999587e+00
1.001110000000000055e-01,4.115499999999999714e-02,-9.814512999999999820e+00
-1.462500000000000085e-02,1.339039999999999953e-01,-9.793812000000000850e+00
-1.473230000000000095e-01,2.389179999999999915e-01,-9.822428999999999633e+00
4.718900000000000178e-02,1.655600000000000127e-02,-9.781387999999999749e+00
3.348099999999999687e-02,-1.688999999999999876e-02,-9.695185000000000386e+00
-3.130600000000000049e-02,4.362200000000000105e-02,-9.730909999999999727e+00
5.128200000000000119e-02,8.358100000000000251e-02,-9.842786000000000257e+00
8.686699999999999977e-02,4.655399999999999816e-02,-9.840453000000000117e+00
6.496999999999999997e-02,6.997499999999999554e-02,-9.797461000000000197e+00
-3.011999999999999920e-03,2.006249999999999978e-01,-9.813454000000000121e+00
5.247600000000000181e-02,1.108460000000000001e-01,-9.801885000000000403e+00
-7.919900000000000551e-02,1.647460000000000035e-01,-9.832257999999999498e+00
2.468499999999999861e-02,1.108289999999999970e-01,-9.815993999999999886e+00
9.737800000000000622e-02,1.520400000000000050e-02,-9.821194000000000202e+00
7.477300000000000613e-02,5.694500000000000256e-02,-9.827004000000000516e+00
8.996999999999999442e-02,-1.648499999999999965e-02,-9.733076000000000505e+00
8.385299999999999698e-02,-2.280400000000000135e-02,-9.728478000000000847e+00
5.419199999999999712e-02,7.945299999999999585e-02,-9.822938000000000613e+00
6.948899999999999522e-02,-8.061000000000000457e-03,-9.785529000000000366e+00
1.163320000000000048e-01,-7.724699999999999622e-02,-9.793245999999999896e+00
3.659099999999999853e-02,3.320000000000000034e-02,-9.807038999999999618e+00
-3.914299999999999724e-02,1.992859999999999909e-01,-9.853272999999999726e+00
1.053899999999999976e-02,7.431999999999999718e-02,-9.820302999999999116e+00
7.685100000000000264e-02,5.215800000000000297e-02,-9.824325999999999226e+00
8.445300000000000029e-02,-2.139999999999999975e-03,-9.819316999999999851e+00
-1.450800000000000006e-02,1.423689999999999956e-01,-9.799291999999999447e+00
3.960600000000000231e-02,6.984799999999999343e-02,-9.835231999999999530e+00
3.895099999999999951e-02,8.299199999999999633e-02,-9.817202999999999236e+00
2.544199999999999934e-02,9.664499999999999480e-02,-9.807342999999999478e+00
1.459239999999999982e-01,-1.566599999999999937e-02,-9.822736000000000800e+00
3.868900000000000117e-02,1.175429999999999947e-01,-9.849576000000000775e+00
-7.840300000000000047e-02,2.410360000000000003e-01,-9.798780999999999963e+00
-8.080999999999999642e-03,1.362639999999999962e-01,-9.804951000000000860e+00
8.447300000000000642e-02,-2.927700000000000094e-02,-9.849823999999999913e+00
2.509140000000000259e-01,-3.383699999999999902e-02,-1.013591100000000012e+01
4.187999999999999882e-03,-2.404999999999999916e-01,-1.032160200000000039e+01
2.012399999999999953e-02,1.115980000000000028e-01,-9.751424999999999343e+00
3.722199999999999814e-02,9.203699999999999382e-02,-9.826710000000000278e+00
3.406200000000000200e-02,8.696299999999999863e-02,-9.806763000000000119e+00
4.191500000000000087e-02,7.831000000000000461e-02,-9.808441000000000187e+00
3.489699999999999747e-02,8.403599999999999959e-02,-9.812692999999999444e+00
4.020200000000000162e-02,9.284900000000000098e-02,-9.819366999999999734e+00
4.119799999999999851e-02,8.819799999999999862e-02,-9.809461999999999904e+00
4.131300000000000250e-02,7.988800000000000068e-02,-9.794330999999999676e+00
4.537000000000000061e-02,7.037899999999999712e-02,-9.800418000000000518e+00
4.732100000000000195e-02,8.113800000000000179e-02,-9.807797000000000764e+00
3.795899999999999969e-02,8.600800000000000112e-02,-9.806174999999999642e+00
4.719700000000000284e-02,7.946300000000000585e-02,-9.824668000000000845e+00
3.850900000000000156e-02,7.999799999999999967e-02,-9.793108000000000146e+00
3.717000000000000165e-02,9.254800000000000526e-02,-9.803468999999999767e+00
4.100499999999999978e-02,9.246600000000000652e-02,-9.813601000000000241e+00
2.572299999999999934e-02,8.832900000000000473e-02,-9.808996999999999744e+00
2.096900000000000153e-02,8.907199999999999840e-02,-9.813257000000000119e+00
3.516299999999999981e-02,8.643599999999999894e-02,-9.805569999999999453e+00
4.379600000000000160e-02,7.839300000000000435e-02,-9.809362000000000137e+00
4.408399999999999819e-02,8.398500000000000409e-02,-9.808374000000000592e+00
5.581799999999999956e-02,8.229499999999999316e-02,-9.794577000000000311e+00
3.467800000000000049e-02,8.334400000000000142e-02,-9.812279000000000195e+00
2.971299999999999983e-02,6.842199999999999671e-02,-9.816858999999999114e+00
3.637800000000000061e-02,8.362999999999999601e-02,-9.807394000000000389e+00
5.249000000000000193e-02,8.768299999999999705e-02,-9.784594999999999487e+00
4.533999999999999836e-02,8.627500000000000446e-02,-9.798306000000000182e+00
4.935699999999999810e-02,7.482900000000000662e-02,-9.828113999999999351e+00
4.027499999999999830e-02,8.353499999999999814e-02,-9.807930000000000703e+00
4.495899999999999896e-02,6.973799999999999444e-02,-9.809618000000000393e+00
4.667099999999999721e-02,7.592100000000000237e-02,-9.824056999999999817e+00
2.840700000000000169e-02,9.922899999999999776e-02,-9.818787999999999627e+00
3.859599999999999836e-02,9.061800000000000410e-02,-9.814463999999999189e+00
3.679000000000000326e-02,8.366099999999999925e-02,-9.816561999999999344e+00
4.480699999999999961e-02,8.728600000000000247e-02,-9.814847000000000321e+00
4.162899999999999934e-02,8.741200000000000359e-02,-9.800796999999999315e+00
3.903000000000000219e-02,7.686199999999999977e-02,-9.800696999999999548e+00
4.583999999999999880e-02,8.703299999999999925e-02,-9.816174999999999429e+00
4.764700000000000185e-02,9.198499999999999732e-02,-9.806191999999999354e+00
3.914900000000000324e-02,8.131199999999999539e-02,-9.813444999999999752e+00
3.960400000000000031e-02,7.858300000000000007e-02,-9.808695999999999415e+00
4.244799999999999962e-02,7.619499999999999884e-02,-9.820346999999999937e+00
3.617000000000000076e-02,8.298099999999999921e-02,-9.812039000000000399e+00
4.619399999999999895e-02,8.179599999999999371e-02,-9.801951999999999998e+00
4.499000000000000221e-02,8.233400000000000440e-02,-9.813841999999999288e+00
4.565999999999999920e-02,9.073900000000000021e-02,-9.790834999999999511e+00
4.715699999999999753e-02,8.434800000000000630e-02,-9.800022999999999485e+00
3.125800000000000106e-02,9.114899999999999392e-02,-9.796312000000000353e+00
4.550599999999999784e-02,8.465000000000000302e-02,-9.795220000000000482e+00
4.469299999999999662e-02,7.554400000000000004e-02,-9.799219000000000790e+00
4.833699999999999802e-02,8.373600000000000487e-02,-9.817125000000000767e+00
5.502699999999999952e-02,8.159399999999999986e-02,-9.813371000000000066e+00
4.367999999999999661e-02,8.692099999999999826e-02,-9.819938999999999751e+00
4.993500000000000022e-02,9.092100000000000182e-02,-9.814299000000000106e+00
2.964599999999999874e-02,8.786199999999999566e-02,-9.815542999999999907e+00
3.574100000000000193e-02,8.416200000000000070e-02,-9.805882000000000431e+00
3.764100000000000085e-02,8.938200000000000311e-02,-9.800566999999999140e+00
3.622899999999999732e-02,9.336800000000000654e-02,-9.821782000000000679e+00
3.942299999999999971e-02,8.811199999999999588e-02,-9.809753000000000611e+00
4.655299999999999716e-02,8.234400000000000053e-02,-9.792564999999999742e+00
4.519800000000000206e-02,8.754000000000000670e-02,-9.802863999999999578e+00
4.469100000000000156e-02,1.010149999999999937e-01,-9.823909999999999698e+00
3.938799999999999940e-02,9.448399999999999854e-02,-9.826893999999999352e+00
3.503400000000000264e-02,8.935200000000000087e-02,-9.809891999999999612e+00
4.949699999999999933e-02,7.999100000000000654e-02,-9.804795000000000371e+00
4.758300000000000030e-02,9.041399999999999437e-02,-9.796946000000000154e+00
4.483899999999999691e-02,8.468000000000000527e-02,-9.828374000000000166e+00
3.190599999999999686e-02,8.359300000000000064e-02,-9.829910999999999177e+00
3.397100000000000120e-02,9.154099999999999737e-02,-9.821619000000000099e+00
3.830499999999999877e-02,8.737399999999999334e-02,-9.814301999999999637e+00
4.192599999999999799e-02,9.581199999999999439e-02,-9.809302000000000632e+00
3.715299999999999853e-02,9.264899999999999525e-02,-9.808042999999999623e+00
3.209399999999999753e-02,9.070400000000000684e-02,-9.822226000000000568e+00
3.230199999999999738e-02,8.995699999999999530e-02,-9.834844000000000364e+00
4.121199999999999863e-02,8.689399999999999902e-02,-9.820453000000000543e+00
4.479199999999999848e-02,7.302500000000000657e-02,-9.808526999999999774e+00
5.607600000000000084e-02,7.570999999999999952e-02,-9.808873999999999427e+00
3.921600000000000086e-02,7.954899999999999471e-02,-9.805970999999999549e+00
3.300299999999999762e-02,9.121500000000000441e-02,-9.811384000000000327e+00
4.049699999999999828e-02,9.724900000000000211e-02,-9.822407999999999362e+00
4.791499999999999926e-02,8.808599999999999763e-02,-9.818763000000000574e+00
3.737800000000000150e-02,8.725499999999999923e-02,-9.811292999999999154e+00
3.886300000000000171e-02,8.599099999999999799e-02,-9.811182000000000514e+00
4.324700000000000072e-02,8.551499999999999380e-02,-9.805968000000000018e+00
3.292500000000000288e-02,8.249399999999999789e-02,-9.795617000000000019e+00
3.200700000000000073e-02,8.867400000000000282e-02,-9.794606999999999175e+00
4.203699999999999798e-02,9.951500000000000623e-02,-9.791691999999999396e+00
4.912199999999999900e-02,9.015700000000000103e-02,-9.821256999999999238e+00
4.350099999999999800e-02,8.828300000000000036e-02,-9.808797999999999462e+00
3.842899999999999788e-02,9.599499999999999700e-02,-9.817598000000000269e+00
4.849500000000000338e-02,9.007600000000000329e-02,-9.809810999999999837e+00
3.838600000000000345e-02,8.655899999999999705e-02,-9.810043000000000291e+00
4.847599999999999826e-02,7.411600000000000132e-02,-9.807890000000000441e+00
2.573200000000000140e-02,7.713299999999999323e-02,-9.778081000000000245e+00
3.263200000000000128e-02,8.146899999999999975e-02,-9.808083999999999136e+00
4.918999999999999762e-02,8.440100000000000380e-02,-9.841494000000000852e+00
4.077499999999999875e-02,8.292700000000000071e-02,-9.817189000000000831e+00
4.539300000000000279e-02,9.130599999999999827e-02,-9.804259000000000057e+00
4.559300000000000158e-02,9.547100000000000031e-02,-9.811049999999999827e+00
5.345400000000000151e-02,8.984100000000000419e-02,-9.797299999999999898e+00
4.739899999999999669e-02,8.416700000000000570e-02,-9.789811000000000263e+00
3.830800000000000177e-02,8.437899999999999567e-02,-9.826408000000000698e+00
5.186500000000000138e-02,9.696699999999999764e-02,-9.816024999999999778e+00
4.515399999999999969e-02,9.347600000000000353e-02,-9.792578999999999922e+00
3.447299999999999670e-02,1.004759999999999959e-01,-9.796932999999999225e+00
2.490099999999999952e-02,9.332899999999999530e-02,-9.806620999999999810e+00
4.101400000000000184e-02,8.420999999999999319e-02,-9.828770000000000451e+00
3.999799999999999883e-02,8.542500000000000093e-02,-9.824980000000000047e+00
4.882899999999999741e-02,8.938699999999999424e-02,-9.829167999999999239e+00
4.839899999999999758e-02,9.785199999999999454e-02,-9.828485999999999834e+00
3.686699999999999700e-02,9.189899999999999458e-02,-9.815599999999999881e+00
3.687300000000000300e-02,7.501599999999999935e-02,-9.807591000000000392e+00
3.542900000000000216e-02,8.640299999999999370e-02,-9.796049000000000007e+00
2.967799999999999952e-02,7.734699999999999909e-02,-9.833672999999999220e+00
4.097499999999999754e-02,7.817699999999999649e-02,-9.818163999999999447e+00
4.278499999999999664e-02,9.070100000000000384e-02,-9.810726000000000724e+00
4.162199999999999928e-02,8.647100000000000619e-02,-9.801840000000000330e+00
3.400899999999999757e-02,8.404799999999999771e-02,-9.809628000000000014e+00
3.900700000000000001e-02,9.321500000000000619e-02,-9.817778000000000560e+00
3.509299999999999919e-02,9.091699999999999782e-02,-9.828621999999999304e+00
3.629600000000000187e-02,8.813699999999999313e-02,-9.834796000000000760e+00
3.512400000000000244e-02,9.289000000000000035e-02,-9.812760000000000815e+00
4.364300000000000124e-02,9.347500000000000253e-02,-9.802934999999999732e+00
4.167900000000000077e-02,8.031099999999999350e-02,-9.826257000000000019e+00
4.459699999999999775e-02,9.411899999999999433e-02,-9.835255999999999332e+00
3.646800000000000042e-02,9.466099999999999515e-02,-9.814806000000000807e+00
3.704699999999999660e-02,1.086450000000000055e-01,-9.810636000000000578e+00
4.085500000000000242e-02,9.636400000000000521e-02,-9.822891000000000261e+00
4.660399999999999959e-02,9.810399999999999676e-02,-9.814161999999999608e+00
5.711399999999999810e-02,7.732300000000000284e-02,-9.828934000000000282e+00
4.112600000000000283e-02,8.065500000000000447e-02,-9.802901000000000309e+00
4.314500000000000279e-02,8.928099999999999925e-02,-9.793397999999999826e+00
4.866199999999999692e-02,9.193400000000000183e-02,-9.816762000000000654e+00
4.258900000000000186e-02,7.011299999999999477e-02,-9.785024999999999196e+00
4.221799999999999858e-02,7.839899999999999647e-02,-9.810067000000000093e+00
3.854099999999999887e-02,8.085699999999999832e-02,-9.801923000000000386e+00
4.126500000000000307e-02,8.143300000000000538e-02,-9.821180999999999273e+00
4.746999999999999831e-02,7.002999999999999503e-02,-9.830107999999999180e+00
4.044500000000000178e-02,8.862299999999999345e-02,-9.798856000000000677e+00
4.062099999999999739e-02,8.965900000000000258e-02,-9.804235999999999507e+00
4.183499999999999719e-02,9.721699999999999786e-02,-9.795642000000000849e+00
3.823900000000000216e-02,8.079200000000000270e-02,-9.805804000000000187e+00
4.699600000000000305e-02,8.811599999999999988e-02,-9.816350999999999161e+00
4.123299999999999882e-02,9.424599999999999644e-02,-9.821205000000000851e+00
4.179800000000000182e-02,8.374500000000000000e-02,-9.803549000000000291e+00
4.214999999999999997e-02,8.726599999999999635e-02,-9.820213999999999999e+00
5.320300000000000029e-02,9.222199999999999842e-02,-9.820569000000000770e+00
3.723800000000000027e-02,9.217599999999999405e-02,-9.809274000000000271e+00
2.641900000000000151e-02,7.925400000000000500e-02,-9.805514999999999759e+00
4.360399999999999693e-02,9.053100000000000036e-02,-9.809739000000000431e+00
4.356800000000000256e-02,9.457899999999999641e-02,-9.804152000000000200e+00
5.053599999999999759e-02,9.384900000000000186e-02,-9.805479999999999308e+00
4.568400000000000238e-02,8.378299999999999637e-02,-9.811142000000000252e+00
4.761499999999999760e-02,9.146999999999999575e-02,-9.809495000000000076e+00
4.219400000000000234e-02,8.243100000000000427e-02,-9.817790000000000461e+00
3.937600000000000128e-02,8.435399999999999843e-02,-9.812148999999999788e+00
3.441400000000000015e-02,8.507900000000000185e-02,-9.823969999999999203e+00
4.100700000000000178e-02,8.705899999999999750e-02,-9.814963999999999800e+00
3.271099999999999702e-02,8.144600000000000450e-02,-9.824512000000000356e+00
4.218399999999999928e-02,8.979700000000000182e-02,-9.806129000000000318e+00
3.887899999999999689e-02,9.296300000000000396e-02,-9.806482000000000809e+00
5.015800000000000120e-02,9.023299999999999377e-02,-9.811365999999999588e+00
3.686099999999999793e-02,8.194899999999999407e-02,-9.818161999999999168e+00
3.910500000000000087e-02,7.668700000000000516e-02,-9.817311999999999372e+00
4.603600000000000053e-02,8.107799999999999729e-02,-9.818901000000000323e+00
5.198799999999999949e-02,8.447599999999999554e-02,-9.829164000000000456e+00
4.923600000000000199e-02,8.677300000000000291e-02,-9.809205000000000396e+00
4.581099999999999756e-02,9.099599999999999356e-02,-9.800039999999999196e+00
4.221400000000000152e-02,8.603399999999999936e-02,-9.817671999999999954e+00
3.728000000000000064e-02,8.796199999999999852e-02,-9.813572999999999880e+00
4.295299999999999813e-02,9.251900000000000401e-02,-9.818517999999999191e+00
4.051699999999999746e-02,9.283199999999999785e-02,-9.803668000000000049e+00
4.024900000000000005e-02,8.225200000000000566e-02,-9.803390000000000271e+00
4.242499999999999744e-02,8.194899999999999407e-02,-9.800632999999999484e+00
3.606499999999999984e-02,7.675800000000000678e-02,-9.802813999999999695e+00
3.211900000000000172e-02,9.346500000000000641e-02,-9.813330000000000553e+00
4.620400000000000201e-02,8.700199999999999600e-02,-9.820302999999999116e+00
5.116400000000000114e-02,7.787499999999999978e-02,-9.814894999999999925e+00
5.327199999999999991e-02,9.069000000000000672e-02,-9.810276999999999248e+00
3.288699999999999957e-02,8.049199999999999411e-02,-9.815530000000000754e+00
4.137099999999999805e-02,7.977499999999999869e-02,-9.809022999999999826e+00
3.511500000000000038e-02,8.655300000000000493e-02,-9.825563999999999965e+00
2.239999999999999977e-02,9.041200000000000625e-02,-9.814629999999999299e+00
3.327600000000000002e-02,8.618800000000000072e-02,-9.817921000000000120e+00
4.115300000000000208e-02,8.193200000000000482e-02,-9.816684000000000410e+00
3.344300000000000050e-02,8.373999999999999500e-02,-9.821068999999999605e+00
3.501800000000000052e-02,8.661499999999999755e-02,-9.809134999999999494e+00
3.178500000000000075e-02,9.425999999999999657e-02,-9.804202999999999335e+00
2.835800000000000126e-02,8.912499999999999589e-02,-9.793813000000000102e+00
4.531700000000000311e-02,8.109900000000000442e-02,-9.812084000000000472e+00
4.582599999999999868e-02,8.702200000000000213e-02,-9.813169000000000253e+00
3.430199999999999916e-02,9.163399999999999324e-02,-9.828359999999999985e+00
3.268999999999999684e-02,9.261099999999999888e-02,-9.831008999999999887e+00
4.679900000000000032e-02,8.888100000000000167e-02,-9.817978000000000094e+00
3.972300000000000136e-02,9.660699999999999843e-02,-9.810772000000000048e+00
4.968600000000000100e-02,9.805800000000000627e-02,-9.811707999999999430e+00
4.161999999999999728e-02,8.628099999999999659e-02,-9.795379999999999754e+00
4.368899999999999867e-02,7.453799999999999315e-02,-9.812839999999999563e+00
3.749099999999999655e-02,8.041299999999999837e-02,-9.823479999999999990e+00
4.381100000000000272e-02,9.067100000000000160e-02,-9.805968999999999269e+00
3.922099999999999892e-02,9.420699999999999907e-02,-9.811080000000000467e+00
4.825499999999999928e-02,9.919999999999999651e-02,-9.800803999999999405e+00
5.150400000000000117e-02,8.883800000000000030e-02,-9.804290999999999201e+00
5.019499999999999656e-02,7.654099999999999793e-02,-9.802602999999999511e+00
4.016800000000000231e-02,9.134799999999999864e-02,-9.812343000000000259e+00
3.756600000000000217e-02,9.798900000000000665e-02,-9.802628999999999593e+00
4.234899999999999776e-02,7.464800000000000602e-02,-9.809139999999999304e+00
3.640999999999999792e-02,8.009499999999999953e-02,-9.803107000000000681e+00
2.933200000000000043e-02,9.114300000000000179e-02,-9.809765999999999764e+00
3.557300000000000045e-02,7.865700000000000469e-02,-9.816653000000000517e+00
4.950199999999999739e-02,7.792000000000000315e-02,-9.815167999999999893e+00
5.245099999999999763e-02,8.260599999999999887e-02,-9.811254999999999171e+00
4.881400000000000322e-02,8.431700000000000306e-02,-9.794427999999999912e+00
4.548300000000000259e-02,8.929900000000000337e-02,-9.803953999999999169e+00
2.474600000000000063e-02,8.252600000000000213e-02,-9.820081999999999312e+00
